user_id,id,title,due_on,status
2626,1331,Amita thymbra cenaculum adultus est commodo capto qui tergum.,2022-06-17T00:00:00.000+05:30,pending
2624,1330,Audax usitas taceo volup cibo subito brevis veritatis caritas.,2022-05-24T00:00:00.000+05:30,pending
2623,1329,Calamitas coniuratio dolorem creator arx adulescens alii.,2022-05-27T00:00:00.000+05:30,completed
2622,1328,Laboriosam adulatio turba usitas suadeo defero spoliatio tametsi.,2022-05-25T00:00:00.000+05:30,pending
2613,1322,Curia agnosco capitulus corrupti succedo textus dolores consequatur sonitus somniculosus auris.,2022-06-15T00:00:00.000+05:30,pending
2610,1320,Aeger dolore ulciscor conscendo amiculum corporis accusantium.,2022-05-28T00:00:00.000+05:30,completed
2609,1319,Beatae utrimque confero vix provident aetas sordeo aestus demonstro claro nemo.,2022-05-23T00:00:00.000+05:30,pending
2607,1318,Ipsum sumo deludo tamisium dolorem tredecim quo calco thesis ter demergo.,2022-06-14T00:00:00.000+05:30,completed
2605,1317,Aspernatur thymbra aegre vorago complectus defero vallum.,2022-05-20T00:00:00.000+05:30,pending
2603,1316,Apostolus suadeo illo praesentium bene libero id cauda calco error.,2022-06-02T00:00:00.000+05:30,completed
2602,1315,Vitae triumphus ago talio aureus ater truculenter claustrum ulterius.,2022-06-10T00:00:00.000+05:30,pending
2601,1314,Curatio tabgo dolores textus eos acies supellex desipio attollo.,2022-06-03T00:00:00.000+05:30,completed
2595,1312,Creptio calculus consectetur sollicito cupio utique venio conturbo.,2022-06-02T00:00:00.000+05:30,completed
2593,1310,Vicinus enim caritas cavus coadunatio et asper quis.,2022-05-28T00:00:00.000+05:30,completed
2591,1308,Ad cilicium debilito eius administratio.,2022-06-11T00:00:00.000+05:30,completed
2587,1304,Despirmatio credo cometes comminor repellendus.,2022-05-30T00:00:00.000+05:30,completed
2582,1300,Comparo tumultus subiungo currus ademptio.,2022-06-08T00:00:00.000+05:30,pending
2581,1299,Caste vilicus demulceo terga stipes.,2022-05-21T00:00:00.000+05:30,completed
2572,1292,Crux quia pecus verbum cogito velit coniecto defessus villa magnam.,2022-06-07T00:00:00.000+05:30,pending
2564,1289,Defungo ventosus asperiores non dapifer succurro unde thesaurus tripudio et corrumpo.,2022-06-08T00:00:00.000+05:30,completed
